عنوان,محله,ودیعه,اجاره,متراژ,اتاق,طبقه,سال ساخت,آسانسور,پارکینگ,انباری,توضیحات,زمان,link,image
رهن اجاره /ابوذر /ناصرخسرو,احمدآباد,۴.۸۵۰ میلیارد تومان,رایگان,۱۵۵,۳,۴,۱۴۰۵,دارد,دارد,دارد,"ناصرخسرو←ابوذر
شمالی
طبقه ۳و۴و..
صفر کلید نخورده
سه خواب یک خواب مستر
نورگیری بسیار عالی
پارکینگ دارد.
دسترسی فوق العاده عالی
سرمایش و گرمایش← داکت اسپیلت
نبش ناصرخسرو ۲۶",۲ هفته پیش,https://divar.ir/v/gakyOKXf,https://s100.divarcdn.com/static/photo/neda/webp_post/xEOvUvrwKomJDhOr_7zX6g/585fe8d0-1a4c-4f26-bf6e-48898201d96f.webp
۱۳۰ متر آپارتمان/احمدآباد/طراحی مدرن و دلباز,احمدآباد,"۲۵۰,۰۰۰,۰۰۰ تومان","۵۰,۰۰۰,۰۰۰ تومان",۱۳۰,۲,همکف,۱۳۹۸,دارد,دارد,دارد,"سلام و احترام
کوهسنگی احمدآباد ملک‌آباد سجاد
جنس کف سرامیک
جنس کابینت mdf
سرمایش اسپیلت
گرمایش پکیج
حیاط اختصاصی بزرگ
دو خواب مستر
غرق در نور
بسیار خوش نقشه
تک واحدی
لطفا لطفا:",نیم ساعت پیش,https://divar.ir/v/ga4qwWcU,https://s100.divarcdn.com/static/photo/neda/webp_post/0deU82_CdTmJ_EFDDndc9w/d2166f90-c878-4225-829f-356b0b60f3a8.webp
اجاره واحد همکف۱۳۵متری سه خواب تاپ لوکیشن احمداباد,احمدآباد,۲۰۰ میلیون تومان,۴۰ میلیون تومان,۱۳۵,۳,همکف از ۳,۱۳۹۰,ندارد,دارد,دارد,مبلغ اجاره ۴۰ م رهن ۲۰۰ م اجاره یا ۵۰۰ م ۳۱ م,۳ ساعت پیش,https://divar.ir/v/ga3e-MQN,https://s100.divarcdn.com/static/photo/neda/webp_post/g5QPfiqdhW2hgpSLOXJ9xw/458e9cf6-27ff-4e5e-80bb-9a8f36afa47f.webp
آپارتمان ۳۲۰ متر ۴ خواب/ 1404,احمدآباد,"۹,۰۰۰,۰۰۰,۰۰۰ تومان","۱,۰۰۰,۰۰۰ تومان",۳۲۰,۴,۱ از ۶,۱۴۰۴,دارد,دارد,دارد,"باسلام
۳۲۰متر آپارتمان ۴ خواب ۴ مستر
۱ خواب مهمان با ورودی مستقل
نور گیر عالی جنوبی
آشپزخونه مطبخ
۳ عدد تراس کاربردی
۲ عدد پارکینگ باکس
لابی روف گاردن
نقشه تفکیکی پذارایی نشمین
بدون واسطه",ماه پیش,https://divar.ir/v/ga6ldwY4,https://s100.divarcdn.com/static/photo/neda/webp_post/0rulkngu2Afso58ZK7V2LA/f6e6daf6-c6bd-4ed3-83d6-3ac5d4fbd836.webp
رهن و اجاره ۸۵ متر همکف احمداباد ابوذر,احمدآباد,"۳۰۰,۰۰۰,۰۰۰ تومان","۳۷,۰۰۰,۰۰۰ تومان",۸۵,۲,همکف از ۴,۱۴۰۰,ندارد,دارد,دارد,"احمداباد ابوذر
همکف
۸۵ متر
دو خواب
اشپزخانه اپن
کف سرامیک
۱۰۰ متر حیاط اختصاصی
پارکینگ دارد
۳۰۰ رهن
۳۷ اجاره
همکاری نداریم",۴ ساعت پیش,https://divar.ir/v/ga3m9he_,https://s100.divarcdn.com/static/photo/neda/webp_post/aji2goqBSgJaGGUjwcya-w/8e0bc955-dfd4-4e50-bc52-491386b4af5d.webp
همکف 2 خواب رضا,احمدآباد,"۳۵۰,۰۰۰,۰۰۰ تومان","۳۵,۰۰۰,۰۰۰ تومان",۱۲۰,۲,همکف,۱۳۸۷,ندارد,دارد,دارد,"باسلام
حدود 120 متر واحد همکف 2خواب
ساختمان کم واحد
مناسب برای خانواده",۲ هفته پیش,https://divar.ir/v/gagGx7Ie,https://s100.divarcdn.com/static/photo/neda/webp_post/cNXCQmuJNjyG_nu2Ga17dg/01f288f3-074a-49d7-88d6-f48a9d41e436.webp
احمدآباد/۱۲۵ متری/۲خواب/املاک سفید,احمدآباد,"۱,۰۰۰,۰۰۰,۰۰۰ تومان","۲۵,۰۰۰,۰۰۰ تومان",۱۲۵,۲,همکف از ۲,۱۳۸۵,ندارد,دارد,دارد,"رهن و اجاره آپارتمان | ابومسلم ۱
۱۲۵ متر | ۲ خواب
همکف از ۲ طبقه | ساختمان ۳ واحدی
پارکینگ | انباری | حیاط
کمد دیواری | خط تلفن
کولر آبی | بخاری
دیوارها نقاشی | کف موکت | کابینت فلزی
جهت جنوبی
۱۹ سال ساخت
تخلیه و آماده سکونت
رهن: ۱ میلیارد تومان
اجاره: ۲۵ میلیون تومان
ابومسلم ۱
۲۰ سال سابقه کاری درخشان
محل امن معامله ملکی شما",۸ ساعت پیش,https://divar.ir/v/ga3a5cGR,https://s100.divarcdn.com/static/photo/neda/webp_post/rxAhsjGPZZyezLpaYPkMLg/1ccb9954-c388-498d-be9a-c607606a9b93.webp
آپارتمان ۱۹۵ متری / صفر فول / رضا (احمدآباد),احمدآباد,"۵,۰۰۰,۰۰۰,۰۰۰ تومان",رایگان,۱۹۵,۳,۶ از ۶,۱۴۰۵,دارد,دارد,دارد,"سلام و احترام
در منطقه: کوهسنگی، احمدآباد، ملک آباد و سجاد.
۱۹۵ متر آپارتمان صفر | مدرن | فول امکانات | رضا
یک واحد خاص و کم‌نظیر برای افرادی که به کیفیت، آرامش و فضای ایده‌آل زندگی اهمیت می‌دهند.
▪ ۱۹۵ متر،
▪صفر و کلیدنخورده
▪ طبقه ۶ از ۶
▪با آسانسور بزرگ
▪ تک‌واحدی و بسیار دنج
▪ نقشه فوق‌العاده و خوش‌نقشه
▪ پذیرایی و فضای نشیمن مجزا
▪ اتاق‌خواب‌های بزرگ و کاربردی
▪ یک خواب مستر
▪ تراس بزرگ و دلباز
▪گرمایش و سرمایش: چیلر.
▪مجهز به سیستم هوشمند داخلی.
▪ طراحی مدرن و امکانات کامل
▪ ساختمان مهندسی‌ساز و باکیفیت
▪ مناسب خانواده‌های سخت‌پسند
مبلغ: ۵ میلیارد تومان رهن کامل
اگر به دنبال خانه‌ای هستید که واقعاً حس یک منزل ایده‌آل و لوکس را داشته باشد، این واحد ارزش بازدید دارد.",۲ هفته پیش,https://divar.ir/v/galeyerc,https://s100.divarcdn.com/static/photo/neda/webp_post/uOu33fGV8v7-8PrZREYybg/ad1690fb-bbfd-4121-a888-ef5fed939ea3.webp
ناصرخسرو۱۷۰متر/تکواحد جنوبی/بهترین متریال/مستغلاتی,احمدآباد,"۵,۰۰۰,۰۰۰,۰۰۰ تومان",رایگان,۱۷۰,۳,۳ از ۶,۱۴۰۵,دارد,دارد,دارد,"بهترین لوکیشن منطقه
خوش نقشه با پلان تفکیکی
نورگیر عالی تمام فضاها
بهترین متریال
دسترسی عالی به مراکز خرید
قابل تمدید سالیان متوالی",هفته پیش,https://divar.ir/v/gaumUYzi,https://s100.divarcdn.com/static/photo/neda/webp_post/f0aJxWx9x4PYjKmw9Fbtmg/2d33f59f-3713-4531-9e7b-4b97f9b0fed1.webp
خانه رهن کامل,احمدآباد,"۴۹۰,۰۰۰,۰۰۰ تومان",رایگان,۷۵,۱,زیرهمکف,۱۴۰۰,ندارد,ندارد,ندارد,"یک خانه واقع در احمداباد ۲ پرستار ۷
خونه فوق العاده تمیز
کف سرامیک
پکیج و...
مناسب دانشجو
موقعیت مکانی عالی
یک خواب",۱۱ ساعت پیش,https://divar.ir/v/ga3mXdcp,https://s100.divarcdn.com/static/photo/neda/webp_post/mD1Zfz9s74BrybEKgu506w/7c606f5d-5f90-4d84-a1a9-c7f9a86078c6.webp
80 متری همکف ناصرخسرو جنوبی/ 20 متر حیاط اختصاصی,احمدآباد,۵۰۰ میلیون تومان,۱۵ میلیون تومان,۸۰,۱,همکف,۱۳۹۰,ندارد,ندارد,دارد,"با سلام
موقعیت مکانی بسیارخوب
بسیار تمیز و مرتب
حیاط دارد حدودا 20 متر
جنس کف سرامیک
جنس کابینت ام دی اف
سرمایش کولر آبی
گرمایش بخاری",۱۱ ساعت پیش,https://divar.ir/v/ga3m3SC6,https://s100.divarcdn.com/static/photo/neda/webp_post/oHwLmdXXGpDHgfCvbE-eag/9ea3d662-2079-4b93-8a75-869996bd4b33.webp
240متر آپارتمان,احمدآباد,۴.۰۰۰ میلیارد تومان,۱۰۵ میلیون تومان,۲۴۰,۳,۲ از ۵,۱۴۰۵,دارد,دارد,دارد,"سلام
240متر
3 خواب /1 خواب مستر
کف اسلب
کابینت چوب
آشپزخانه کثیف و تمیز
تراس قابل چیدمان
پنجره های قدی
لوکس",هفته پیش,https://divar.ir/v/gaumj-9M,https://s100.divarcdn.com/static/photo/neda/webp_post/kZ1DnXLFCVagbEN6kyGavw/3ff9f556-813e-4119-9e35-098606412c37.webp
رهن و اجاره آپارتمان صفر ملاصدرا (مهردوست),احمدآباد,"۱,۰۰۰,۰۰۰,۰۰۰ تومان","۸۵,۰۰۰,۰۰۰ تومان",۱۵۰,۳,۲ از ۶,۱۴۰۵,دارد,دارد,دارد,"واگذاری یک واحد آپارتمان لوکس صفر بلوار ملاصدرا
مناسب زوج
به خانواده مذهبی واگذار می‌شود
متراژ ۱۵۰ متر
۳ خواب
پارکینگ
انباری
آسانسور
طبقه ۲ از ۶
سرویس ایرانی و فرنگی
لاندری
تراس
نورگیر عالی
نورپردازی سقفی شیک",هفته پیش,https://divar.ir/v/gari35xm,https://s100.divarcdn.com/static/photo/neda/webp_post/E1EKyaI29gYV6iOdmREKIA/d0d38a06-b8d9-4668-b454-be71c74123c1.webp
رهن و اجاره آپارتمان بلوار رضا احمدآباد (مهردوست),احمدآباد,"۱۵۰,۰۰۰,۰۰۰ تومان","۳۷,۰۰۰,۰۰۰ تومان",۹۰,۲,۱ از ۳,۱۳۹۰,ندارد,دارد,دارد,"واگذاری یک واحد بسیار مرتب به اجاره
متراژ 90 متر
۲ خواب
طبقه ۱ از ۳
پارکینگ
انباری
بازسازی شده بسیار مرتب
نورگیر عالی
جنوبی
تک واحدی",ماه پیش,https://divar.ir/v/gaAeweoa,https://s100.divarcdn.com/static/photo/neda/webp_post/6RmylMYKaB7mqiPkILff3g/2c549cef-c601-4416-9f4f-a704af4bbf73.webp
آپارتمان نوساز 180متری در احمدآباد/فول امکانات,احمدآباد,"۴,۵۰۰,۰۰۰,۰۰۰ تومان",رایگان,۱۸۰,۳,۲,۱۴۰۱,دارد,دارد,دارد,"سلام و درود فراوان
آپارتمان ۱۸۰ متری سه‌خواب | یک خواب مستر
توضیحات:
آپارتمان ۱۸۰ متری، سه‌خواب، یک خواب مستر
دارای کلوزت لاندری
کابینت آشپزخانه چوبی و کف‌پوش سرامیک
سرویس ایرانی و فرنگی
پارکینگ اختصاصی، آسانسور و انباری
رهن کامل: ۴ میلیارد و ۵۰۰ میلیون تومان
قابل تبدیل مستغلاتی
مناسب سکونت بلندمدت
موارد مشابه نیز موجود است",۱۱ ساعت پیش,https://divar.ir/v/ga3OmyFY,https://s100.divarcdn.com/static/photo/neda/webp_post/S_bErdrg5nNXQrX18IQGkA/d82c73b1-6e36-4892-89db-4ff927a153b5.webp
آپارتمان ۲۸۰متری بسیار خوش نقشه و مرتب,احمدآباد,۵۰۰ میلیون تومان,۸۶ میلیون تومان,۲۸۰,۳,۳ از ۵,۱۳۸۵,دارد,دارد,دارد,"همراه شماییم تا نتیجه
موقعیت مکانی مناسب در نقطه ای خوش آب و هوا
مجموعه خلوت و کم جمعیت ، کلا ۵واحد
دارای نور فراوان و آفتابگیری عالی
موجر منعطف و باشخصیت ، واحد مستغلاتی",هفته پیش,https://divar.ir/v/ganqZZ9u,https://s100.divarcdn.com/static/photo/neda/webp_post/UHMeeuXnIX4JmRKoB6vEEA/e8d8d4b5-8421-4064-804a-32dc5d029ef0.webp
احمدآباد ،رضا، رهن و اجاره آپارتمان ،حاشیه میلان,احمدآباد,۶۰۰ میلیون تومان,۱۶ میلیون تومان,۹۴,۲,۱ از ۲,۱۳۸۰,ندارد,ندارد,ندارد,مناسب خانواده,۱۲ ساعت پیش,https://divar.ir/v/ga3G2P2C,https://s100.divarcdn.com/static/photo/neda/webp_post/fLMLrnl1p7XBA6qQusx3AQ/aa7d5b53-ce04-44e4-8d64-cce256754430.webp
آپارتمان لوکس 350متری در احمدآباد,احمدآباد,"۸,۵۰۰,۰۰۰,۰۰۰ تومان",رایگان,۳۵۰,۴,۲ از ۶,۱۴۰۴,دارد,دارد,دارد,"آپارتمان لوکس ۳۵۰ متری در احمدآباد
۴ خواب | ۳ خواب مستر | کلوزت و لاندری
کف‌پوش سنگ اسلب | داکت‌اسپلیت
آشپزخانه چوبی و مطبخ | آسانسور
پارکینگ اختصاصی | بالکن بزرگ و کاربردی
رهن کامل: ۸ میلیارد و ۵۰۰ میلیون تومان
موارد مشابه دیگر موجود است",۱۳ ساعت پیش,https://divar.ir/v/ga3qFeaX,https://s100.divarcdn.com/static/photo/neda/webp_post/66OxGLBP9qacyZiR4UAPig/d38a9ad6-5c3a-41b1-823c-351d78c71bee.webp
اجاره آپارتمان ۱۳۰ متری در احمدآباد بلوار رضا,احمدآباد,۱.۵۰۰ میلیارد تومان,۱ میلیون تومان,۱۳۰,۲,۱ از ۴,۱۳۸۵,ندارد,دارد,دارد,"جنوبی
تک واحدی
کلا چهار طبقه
کف سرامیک
کابینت ام دی اف
پارکینگ
انباری
تراس
صفر تا صد بازسازی شده",هفته پیش,https://divar.ir/v/gan-Y0JR,https://s100.divarcdn.com/static/photo/neda/webp_post/IaJJyq4eUrPiyVjVqJuRmg/7a414416-1da9-477c-ab94-32d35eb7b90b.webp
اجاره آپارتمان ۱۶۰ متری در احمدآباد ناصر خسرو,احمدآباد,۲.۰۰۰ میلیارد تومان,۵۰۰ هزار تومان,۱۶۰,۳,۱ از ۴,۱۳۹۰,ندارد,دارد,دارد,"جنوبی
تک واحدی
کف سرامیک
کابینت ام دی اف
پارکینگ بدون مزاحمت
تراس
انباری ۱۲ متری
بازسازی شده مرتب و تمیز",۲ هفته پیش,https://divar.ir/v/gafybRll,https://s100.divarcdn.com/static/photo/neda/webp_post/LX7ur1ryaePx9his6keJZg/9c538d51-1d18-4c8f-9009-91237676bef1.webp
احمدآباد رضا  همکف,احمدآباد,"۱۰۰,۰۰۰,۰۰۰ تومان","۳۰,۰۰۰,۰۰۰ تومان",۸۰,۲,همکف,۱۴۰۰,ندارد,ندارد,دارد,"80متر دوخوابه سرامیک اپن گاز رومیزی اسپیلت پکیچ درب اختصاصی بدون پارکینگ
خانواده متدین جهت زوج",دیروز,https://divar.ir/v/ga2qrpEY,https://s100.divarcdn.com/static/photo/neda/webp_post/Rz6USrVgRe2HDyYitiliBQ/8098bc3f-ccbc-4f61-90e3-d401a629ffd5.webp
۳۳۰متری یک‌سال ساخت,احمدآباد,"۹,۶۰۰,۰۰۰,۰۰۰ تومان","۱۰۰,۰۰۰ تومان",۳۲۰,۴,۱,۱۴۰۴,دارد,دارد,دارد,"به نام حضرت دوست که هرچی داریم از اوست
بازدید این آپارتمان خاص را از دست ندهید
آپارتمان یک‌سال ساخت
فوق العاده خاص
نقشه فوق العاده
۳۲۰متری
رضا
طبقه دوم
متریال شخصی ساز
تک واحدی
(غرق نور)
۴ خواب
رهن کامل تبدیل نمی شود
سازه مهندسی واقعی
(فول امکانات)
متاسفانه در مورد این فایل امکان همکاری وجود ندارد
با امنیت خاطر معامله کنید.",۴ روز پیش,https://divar.ir/v/gayCD7K4,https://s100.divarcdn.com/static/photo/neda/webp_post/M55xQYWt9Y3qBQ1k7sJziw/a5c7a24c-d34d-4fbc-89e2-49bb4e103a8b.webp
۳۳۰متری چهار خواب,احمدآباد,"۹,۵۰۰,۰۰۰,۰۰۰ تومان","۱۰۰,۰۰۰ تومان",۳۳۰,۴,۱,۱۴۰۴,دارد,دارد,دارد,"طبقه اول
۳۲۰متری
چهار خواب
رهن کامل تبدیل نمی شود
کار بسیار قوی
کف سنگ اسلب
نور فوق العاده
با همکاران در این مورد خاص همکاری نداریم.",۴ روز پیش,https://divar.ir/v/gaya4NBs,https://s100.divarcdn.com/static/photo/neda/webp_post/Y_4X-gnXU4X3_iovP1xW5w/a0bba51b-aab4-4c57-a027-5ce8ff5705e8.webp
همخونه میشم,احمدآباد,"۵۰,۰۰۰,۰۰۰ تومان","۱۰,۰۰۰,۰۰۰ تومان",۱۰۰,۲,همکف,۱۴۰۰,دارد,دارد,دارد,"همخونه میشم با کسی که همخونه بخواد
برای مشارکت در هزینه ها و اجاره و کارهای منزل",دیروز,https://divar.ir/v/ga2GjN-A,https://s100.divarcdn.com/static/photo/neda/webp_post/XYCRyYFgL5Lo79YIfHyeTQ/63fad9c5-aa0b-4913-a6f6-de86b0304692.webp
اپارتمان ۱۵۰ متری ۴ خواب احمداباد حاشیه رضا,احمدآباد,"۱۰۰,۰۰۰,۰۰۰ تومان","۴۲,۰۰۰,۰۰۰ تومان",۱۵۰,۴,۳ از ۳,۱۳۹۱,ندارد,ندارد,دارد,"احمداباد حاشیه رضا
۱۵۰ متر ۴ خواب
شیک و تمیز
بدون پارکینگ
بدون اسانسور
طبقه سوم
پله ها نرم
دو واحدی
مناسب مسکونی
قابلیت تمدید اجاره چند ساله
تخلیه
رهن ۱۰۰ میلیون
اجاره ۴۲ میلیون
کلید جهت بازدید موجود هست
همکاری نداریم",دیروز,https://divar.ir/v/ga2-B5gD,https://s100.divarcdn.com/static/photo/neda/webp_post/o5AG1YlJAd4PfX7Fp8CqXQ/d8efc78a-aa01-4fca-941d-b45faa22e968.webp
